{"0.0010000000474974513": [[0.9711, 0.9708, 0.9708, 0.9696, 0.9691, 0.9629, 0.9494, 0.9104, 0.6565, 0.5388], [0.9716, 0.9714, 0.9711, 0.9703, 0.9692, 0.9698, 0.9563, 0.9128, 0.7812, 0.5593], [0.9728, 0.9729, 0.9725, 0.9723, 0.9694, 0.9622, 0.9413, 0.8438, 0.6886, 0.5278], [0.9725, 0.9713, 0.97, 0.9685, 0.9679, 0.9638, 0.9475, 0.8732, 0.6263, 0.4989], [0.9721, 0.9722, 0.9721, 0.9719, 0.9688, 0.9664, 0.9526, 0.9029, 0.7465, 0.565]], "0.009999999776482582": [[0.9728, 0.9725, 0.9719, 0.9707, 0.969, 0.9638, 0.9531, 0.8891, 0.7237, 0.5324], [0.9722, 0.9721, 0.9724, 0.972, 0.9713, 0.9686, 0.9545, 0.8961, 0.7572, 0.5875], [0.9733, 0.9732, 0.9733, 0.9726, 0.9707, 0.9612, 0.9354, 0.8199, 0.7014, 0.5059], [0.9724, 0.9719, 0.9728, 0.9704, 0.9683, 0.9622, 0.9353, 0.8704, 0.6835, 0.5268], [0.973, 0.9736, 0.9735, 0.9731, 0.9722, 0.9693, 0.956, 0.9071, 0.7128, 0.6179]], "0.10000000149011612": [[0.9713, 0.9714, 0.9713, 0.9709, 0.9707, 0.9647, 0.9524, 0.8759, 0.7185, 0.5506], [0.9736, 0.9732, 0.9739, 0.9734, 0.973, 0.9666, 0.9453, 0.8738, 0.7389, 0.6586], [0.9728, 0.9729, 0.9726, 0.9726, 0.9701, 0.9586, 0.9246, 0.7809, 0.7195, 0.577], [0.9723, 0.9726, 0.9727, 0.973, 0.9696, 0.9609, 0.9304, 0.8366, 0.757, 0.561], [0.9752, 0.9749, 0.9747, 0.9738, 0.9714, 0.9671, 0.952, 0.9044, 0.7517, 0.7039]], "1.0": [[0.9717, 0.9717, 0.9726, 0.9719, 0.9708, 0.9667, 0.9405, 0.9001, 0.7476, 0.5672], [0.9737, 0.9737, 0.9738, 0.9743, 0.9733, 0.9633, 0.934, 0.8478, 0.7642, 0.6363], [0.9728, 0.9728, 0.9723, 0.9718, 0.9695, 0.9549, 0.9141, 0.7967, 0.6618, 0.6445], [0.9729, 0.973, 0.9731, 0.9729, 0.9696, 0.9612, 0.9159, 0.8193, 0.6811, 0.5335], [0.9744, 0.9744, 0.9741, 0.9738, 0.9691, 0.9631, 0.9462, 0.8701, 0.7867, 0.6885]], "10.0": [[0.9717, 0.9714, 0.9711, 0.9719, 0.9712, 0.9656, 0.9419, 0.9164, 0.7617, 0.5969], [0.9726, 0.9731, 0.9733, 0.9728, 0.971, 0.9658, 0.9386, 0.859, 0.7482, 0.5888], [0.9721, 0.9724, 0.9718, 0.9715, 0.9665, 0.9519, 0.927, 0.7942, 0.6497, 0.5376], [0.9719, 0.9717, 0.9723, 0.972, 0.969, 0.9607, 0.9245, 0.8065, 0.7326, 0.5555], [0.9732, 0.9727, 0.9733, 0.9722, 0.9701, 0.962, 0.9437, 0.8579, 0.8023, 0.6752]], "100.0": [[0.9709, 0.9708, 0.9702, 0.97, 0.969, 0.9659, 0.9501, 0.9198, 0.7783, 0.5414], [0.9712, 0.9712, 0.9709, 0.9717, 0.9692, 0.9641, 0.9414, 0.9068, 0.7289, 0.6034], [0.9713, 0.9712, 0.9719, 0.9718, 0.9682, 0.9616, 0.9437, 0.8342, 0.6502, 0.5526], [0.9719, 0.9723, 0.9711, 0.9709, 0.9698, 0.9636, 0.9434, 0.8496, 0.7112, 0.5191], [0.9717, 0.9714, 0.9708, 0.9713, 0.9701, 0.9639, 0.9504, 0.8921, 0.8036, 0.6485]]}