{"0.0010000000474974513": [[0.9663, 0.9663, 0.9655, 0.9646, 0.9641, 0.9604, 0.9422, 0.8458, 0.6517, 0.4099], [0.9686, 0.9684, 0.9678, 0.9663, 0.9635, 0.9585, 0.9409, 0.8934, 0.7028, 0.4895], [0.9679, 0.9666, 0.9659, 0.9653, 0.9632, 0.9517, 0.9488, 0.8934, 0.7015, 0.3751], [0.968, 0.9679, 0.967, 0.9667, 0.9649, 0.9582, 0.9525, 0.8703, 0.6288, 0.4239], [0.9681, 0.9678, 0.9678, 0.9656, 0.9628, 0.9475, 0.9042, 0.8594, 0.6033, 0.3613]], "0.009999999776482582": [[0.9736, 0.9733, 0.9731, 0.9712, 0.9665, 0.9621, 0.9503, 0.8979, 0.5331, 0.3551], [0.9719, 0.9724, 0.9719, 0.9708, 0.9705, 0.9592, 0.9427, 0.8512, 0.6077, 0.3512], [0.9703, 0.9705, 0.97, 0.9682, 0.9646, 0.9608, 0.9443, 0.8607, 0.5418, 0.4494], [0.9703, 0.9706, 0.9688, 0.9631, 0.961, 0.9499, 0.9204, 0.7361, 0.4224, 0.3838], [0.9682, 0.9681, 0.967, 0.9671, 0.9626, 0.9541, 0.9332, 0.8414, 0.6327, 0.432]], "0.10000000149011612": [[0.9691, 0.9692, 0.9679, 0.9671, 0.9631, 0.9598, 0.942, 0.78, 0.7213, 0.4783], [0.9692, 0.9686, 0.9677, 0.9667, 0.9637, 0.9576, 0.9348, 0.7938, 0.6187, 0.4564], [0.9673, 0.9666, 0.9648, 0.9631, 0.9623, 0.9544, 0.941, 0.8331, 0.735, 0.3102], [0.9685, 0.9681, 0.9679, 0.9678, 0.9671, 0.9599, 0.946, 0.8731, 0.5794, 0.3553], [0.9695, 0.9698, 0.9699, 0.967, 0.9632, 0.959, 0.9511, 0.8253, 0.6081, 0.4078]], "1.0": [[0.9664, 0.9666, 0.9662, 0.9641, 0.9598, 0.9558, 0.9391, 0.858, 0.7372, 0.6202], [0.9648, 0.9652, 0.9641, 0.9648, 0.9646, 0.9602, 0.9536, 0.9211, 0.7786, 0.6172], [0.9672, 0.9677, 0.967, 0.9647, 0.9633, 0.9615, 0.9286, 0.8663, 0.7537, 0.6666], [0.9646, 0.9643, 0.9636, 0.9631, 0.96, 0.9574, 0.9349, 0.874, 0.6835, 0.522], [0.9652, 0.9648, 0.9634, 0.9626, 0.9611, 0.9565, 0.9449, 0.8753, 0.7184, 0.4313]], "10.0": [[0.9245, 0.9241, 0.9256, 0.9255, 0.9257, 0.9267, 0.929, 0.928, 0.8985, 0.7615], [0.9223, 0.9225, 0.923, 0.9236, 0.9248, 0.9252, 0.9258, 0.9208, 0.852, 0.7092], [0.9224, 0.9221, 0.9227, 0.9239, 0.9265, 0.9273, 0.9275, 0.9221, 0.8901, 0.7407], [0.9164, 0.9164, 0.9173, 0.9193, 0.922, 0.9236, 0.9251, 0.9153, 0.8521, 0.774], [0.9236, 0.9234, 0.9235, 0.9244, 0.9267, 0.9276, 0.9252, 0.9243, 0.8841, 0.7816]], "100.0": [[0.8166, 0.8165, 0.8208, 0.8292, 0.8405, 0.8512, 0.8601, 0.8645, 0.8685, 0.8125], [0.8177, 0.8178, 0.8197, 0.8256, 0.8355, 0.8488, 0.8591, 0.8643, 0.8667, 0.7659], [0.812, 0.8124, 0.8148, 0.8235, 0.8343, 0.8465, 0.8571, 0.8608, 0.8694, 0.7175], [0.8079, 0.8083, 0.8107, 0.8173, 0.8311, 0.8466, 0.8617, 0.8764, 0.8828, 0.8229], [0.7604, 0.7611, 0.766, 0.779, 0.7936, 0.8135, 0.8343, 0.8455, 0.8556, 0.7967]]}