{"0.0010000000474974513": [[0.9672, 0.9676, 0.9669, 0.9675, 0.9658, 0.9611, 0.9516, 0.8563, 0.7181, 0.6214], [0.9679, 0.9685, 0.9676, 0.9668, 0.9662, 0.961, 0.9475, 0.9034, 0.7458, 0.5216], [0.9703, 0.97, 0.9695, 0.9699, 0.9653, 0.9535, 0.9272, 0.849, 0.7527, 0.546], [0.9672, 0.9671, 0.9665, 0.9663, 0.9655, 0.9568, 0.9018, 0.7763, 0.5996, 0.643], [0.9698, 0.9697, 0.9692, 0.9687, 0.9653, 0.9578, 0.9257, 0.8357, 0.7619, 0.6108]], "0.009999999776482582": [[0.9658, 0.9661, 0.9653, 0.9655, 0.9646, 0.963, 0.9537, 0.9017, 0.8103, 0.7586], [0.9653, 0.9652, 0.9655, 0.9651, 0.9659, 0.9652, 0.9552, 0.913, 0.8205, 0.6966], [0.9676, 0.9672, 0.9677, 0.9676, 0.9678, 0.9624, 0.9464, 0.8959, 0.7989, 0.6844], [0.9635, 0.9635, 0.9641, 0.9631, 0.9636, 0.9574, 0.9444, 0.844, 0.7741, 0.6766], [0.967, 0.967, 0.9666, 0.9657, 0.9646, 0.9608, 0.9484, 0.9006, 0.7995, 0.7878]], "0.10000000149011612": [[0.9546, 0.9549, 0.955, 0.9564, 0.9573, 0.9557, 0.9468, 0.9143, 0.8496, 0.7727], [0.9548, 0.955, 0.9553, 0.9566, 0.9577, 0.9563, 0.9505, 0.9143, 0.8426, 0.8058], [0.9548, 0.9548, 0.9556, 0.9569, 0.9571, 0.9568, 0.9414, 0.8954, 0.8212, 0.7217], [0.9512, 0.9511, 0.9511, 0.952, 0.9522, 0.9505, 0.9403, 0.888, 0.8149, 0.7563], [0.9571, 0.9572, 0.9569, 0.9566, 0.9569, 0.9575, 0.9471, 0.9024, 0.8232, 0.8393]], "1.0": [[0.9364, 0.9368, 0.9391, 0.9433, 0.9465, 0.9461, 0.9417, 0.9094, 0.8461, 0.7655], [0.9391, 0.9394, 0.9419, 0.9455, 0.9492, 0.949, 0.9424, 0.9137, 0.8273, 0.7992], [0.9403, 0.9409, 0.9431, 0.9452, 0.9473, 0.9471, 0.9408, 0.9045, 0.8135, 0.7397], [0.9338, 0.9343, 0.9379, 0.9423, 0.9445, 0.9419, 0.9299, 0.9002, 0.8138, 0.7763], [0.9411, 0.9416, 0.9429, 0.9456, 0.945, 0.9444, 0.938, 0.9102, 0.8403, 0.8096]], "10.0": [[0.9169, 0.9175, 0.9222, 0.9267, 0.9325, 0.935, 0.9346, 0.9125, 0.8428, 0.7434], [0.9191, 0.9195, 0.9233, 0.9313, 0.9375, 0.9392, 0.9368, 0.9182, 0.8347, 0.731], [0.9196, 0.9206, 0.9257, 0.9296, 0.9344, 0.9356, 0.9332, 0.91, 0.8424, 0.7596], [0.9166, 0.918, 0.9223, 0.9275, 0.9332, 0.9349, 0.9305, 0.9054, 0.8322, 0.7534], [0.9279, 0.9276, 0.9302, 0.9323, 0.9332, 0.9332, 0.9301, 0.9105, 0.828, 0.788]], "100.0": [[0.8877, 0.8885, 0.8946, 0.903, 0.9141, 0.9172, 0.9223, 0.9094, 0.8648, 0.7692], [0.8884, 0.89, 0.8977, 0.905, 0.9179, 0.9251, 0.9274, 0.9163, 0.8489, 0.6975], [0.895, 0.8958, 0.899, 0.905, 0.9127, 0.9185, 0.9204, 0.9113, 0.8503, 0.7807], [0.8923, 0.8933, 0.8986, 0.9066, 0.9164, 0.9229, 0.9247, 0.9087, 0.8557, 0.7535], [0.9074, 0.9074, 0.9092, 0.9154, 0.9196, 0.9218, 0.9204, 0.9081, 0.8268, 0.7844]]}