{"0.0010000000474974513": [[0.9697, 0.9697, 0.9671, 0.9575, 0.9214, 0.8966, 0.8139, 0.659, 0.6771, 0.3229], [0.9663, 0.9663, 0.9656, 0.9588, 0.9295, 0.895, 0.642, 0.6935, 0.4945, 0.1324], [0.9686, 0.9679, 0.964, 0.9551, 0.9303, 0.9217, 0.8499, 0.6187, 0.4178, 0.1711], [0.9663, 0.967, 0.9655, 0.9602, 0.9412, 0.9266, 0.8882, 0.8672, 0.5646, 0.3435], [0.9674, 0.9668, 0.9597, 0.9525, 0.9495, 0.9107, 0.9059, 0.7312, 0.6058, 0.2509]], "0.009999999776482582": [[0.9693, 0.9676, 0.9624, 0.9584, 0.942, 0.8858, 0.7433, 0.6391, 0.4708, 0.2353], [0.9674, 0.9673, 0.9661, 0.962, 0.955, 0.8878, 0.7829, 0.5995, 0.3788, 0.1913], [0.9626, 0.9625, 0.9585, 0.9365, 0.9268, 0.8528, 0.7444, 0.6361, 0.5035, 0.2135], [0.967, 0.9673, 0.9589, 0.9501, 0.9338, 0.9159, 0.8411, 0.4931, 0.416, 0.2557], [0.9654, 0.9654, 0.9573, 0.949, 0.8985, 0.874, 0.7498, 0.5267, 0.4049, 0.1604]], "0.10000000149011612": [[0.9663, 0.9646, 0.9671, 0.9616, 0.9474, 0.8048, 0.7756, 0.4712, 0.3847, 0.3172], [0.9634, 0.9632, 0.9626, 0.9581, 0.9531, 0.9075, 0.8578, 0.6407, 0.4266, 0.2312], [0.9664, 0.9656, 0.9637, 0.9656, 0.9485, 0.9084, 0.8046, 0.8005, 0.4946, 0.1083], [0.9626, 0.9621, 0.9567, 0.9474, 0.9494, 0.8717, 0.7155, 0.4881, 0.4282, 0.2138], [0.9622, 0.9615, 0.9523, 0.948, 0.9396, 0.932, 0.8503, 0.5321, 0.4906, 0.2625]], "1.0": [[0.9674, 0.9666, 0.9653, 0.9592, 0.9502, 0.921, 0.8569, 0.7137, 0.6223, 0.2201], [0.9665, 0.9662, 0.9621, 0.9615, 0.9386, 0.9129, 0.8179, 0.6037, 0.5811, 0.2163], [0.9643, 0.9649, 0.9622, 0.9638, 0.9415, 0.8969, 0.7552, 0.5959, 0.3764, 0.1526], [0.9686, 0.9678, 0.966, 0.9578, 0.936, 0.9054, 0.8225, 0.6396, 0.5239, 0.2393], [0.9674, 0.968, 0.9641, 0.9603, 0.9462, 0.875, 0.8284, 0.7536, 0.5465, 0.2901]], "10.0": [[0.9682, 0.9677, 0.9656, 0.9538, 0.952, 0.9286, 0.8735, 0.7478, 0.535, 0.2584], [0.9694, 0.9691, 0.9663, 0.9515, 0.9297, 0.8756, 0.7798, 0.6604, 0.3605, 0.1725], [0.9654, 0.966, 0.9664, 0.9583, 0.9453, 0.9312, 0.8403, 0.5668, 0.5712, 0.3218], [0.971, 0.9699, 0.9658, 0.9593, 0.9452, 0.9183, 0.8473, 0.6223, 0.54, 0.1962], [0.9689, 0.9687, 0.9664, 0.9621, 0.9512, 0.9139, 0.8463, 0.6498, 0.5233, 0.2701]], "100.0": [[0.9587, 0.9562, 0.9545, 0.9504, 0.9328, 0.8916, 0.8256, 0.7916, 0.5378, 0.2279], [0.945, 0.9474, 0.9439, 0.9325, 0.9316, 0.8654, 0.8877, 0.7653, 0.6488, 0.3807], [0.9572, 0.9577, 0.957, 0.955, 0.9535, 0.9474, 0.925, 0.8774, 0.6143, 0.239], [0.9616, 0.9616, 0.9601, 0.9563, 0.9515, 0.9402, 0.8782, 0.7767, 0.589, 0.2926], [0.962, 0.9615, 0.9595, 0.9581, 0.9469, 0.9202, 0.8876, 0.7806, 0.6205, 0.3393]]}