{"0.0010000000474974513": [[0.9677, 0.9673, 0.965, 0.9571, 0.9303, 0.9182, 0.8503, 0.7391, 0.4268, 0.3133], [0.9624, 0.9599, 0.9583, 0.9516, 0.9537, 0.9127, 0.8138, 0.6955, 0.4612, 0.1495], [0.9643, 0.9641, 0.9639, 0.9519, 0.9356, 0.8148, 0.7597, 0.5111, 0.2952, 0.2492], [0.969, 0.9685, 0.9669, 0.9634, 0.9595, 0.9467, 0.9099, 0.8119, 0.5526, 0.3083], [0.968, 0.9684, 0.9657, 0.9606, 0.9213, 0.8438, 0.7288, 0.4728, 0.3504, 0.1542]], "0.009999999776482582": [[0.9707, 0.9714, 0.9677, 0.9644, 0.93, 0.9249, 0.8241, 0.7402, 0.5296, 0.3041], [0.9656, 0.9672, 0.9632, 0.9651, 0.9538, 0.9087, 0.8355, 0.6593, 0.4348, 0.1779], [0.9671, 0.9664, 0.9646, 0.9542, 0.9417, 0.8715, 0.7815, 0.6123, 0.4264, 0.2551], [0.9693, 0.9692, 0.969, 0.9687, 0.9578, 0.9464, 0.9217, 0.7566, 0.5667, 0.3273], [0.9693, 0.9694, 0.9669, 0.9615, 0.9532, 0.8537, 0.7095, 0.4752, 0.3876, 0.2089]], "0.10000000149011612": [[0.9723, 0.9718, 0.9705, 0.9587, 0.9456, 0.8877, 0.7057, 0.7047, 0.5046, 0.3063], [0.9685, 0.969, 0.9682, 0.962, 0.9637, 0.9273, 0.822, 0.5061, 0.4785, 0.1809], [0.9687, 0.9688, 0.9597, 0.9575, 0.9563, 0.905, 0.7761, 0.5897, 0.4052, 0.2625], [0.9702, 0.971, 0.969, 0.9639, 0.9606, 0.9527, 0.922, 0.6673, 0.5541, 0.3435], [0.97, 0.9708, 0.9698, 0.962, 0.9362, 0.8687, 0.6643, 0.4465, 0.4046, 0.2062]], "1.0": [[0.9718, 0.9719, 0.9714, 0.9662, 0.9477, 0.8705, 0.7532, 0.5956, 0.4027, 0.347], [0.9691, 0.9697, 0.9682, 0.9639, 0.9509, 0.8853, 0.6772, 0.4569, 0.4308, 0.2329], [0.9703, 0.9684, 0.9649, 0.9547, 0.9596, 0.9022, 0.7929, 0.476, 0.3235, 0.2684], [0.9696, 0.97, 0.9707, 0.9687, 0.9535, 0.9378, 0.8633, 0.6896, 0.5492, 0.3339], [0.9699, 0.9704, 0.9694, 0.9666, 0.9241, 0.8327, 0.64, 0.4004, 0.413, 0.2547]], "10.0": [[0.9713, 0.9704, 0.9709, 0.9635, 0.948, 0.9041, 0.8053, 0.5236, 0.392, 0.2527], [0.9692, 0.9693, 0.9691, 0.9665, 0.9463, 0.8288, 0.7443, 0.5699, 0.367, 0.2489], [0.9694, 0.9692, 0.967, 0.9633, 0.9458, 0.8905, 0.7352, 0.5394, 0.3033, 0.2326], [0.9679, 0.9677, 0.968, 0.9664, 0.96, 0.9339, 0.8812, 0.6613, 0.5096, 0.2574], [0.9688, 0.9688, 0.9708, 0.9666, 0.9485, 0.9154, 0.6931, 0.5396, 0.4449, 0.2201]], "100.0": [[0.9703, 0.97, 0.9707, 0.9665, 0.9539, 0.938, 0.8488, 0.6267, 0.3919, 0.1605], [0.9657, 0.9662, 0.9664, 0.9611, 0.9487, 0.909, 0.8275, 0.6727, 0.3267, 0.2938], [0.9683, 0.9684, 0.9651, 0.961, 0.9308, 0.8842, 0.8022, 0.628, 0.3485, 0.1765], [0.9646, 0.9643, 0.964, 0.9569, 0.9515, 0.9396, 0.8528, 0.7458, 0.5235, 0.2682], [0.966, 0.9644, 0.9657, 0.961, 0.9545, 0.9496, 0.8506, 0.6571, 0.4237, 0.2178]]}