{"0.0010000000474974513": [[0.9658, 0.9657, 0.9653, 0.9643, 0.9617, 0.9583, 0.9515, 0.9024, 0.6684, 0.4451], [0.9669, 0.9664, 0.9656, 0.9658, 0.9632, 0.9584, 0.9474, 0.9003, 0.7866, 0.4236], [0.9636, 0.9635, 0.9638, 0.9625, 0.9601, 0.9521, 0.9398, 0.9094, 0.7518, 0.5768], [0.966, 0.9644, 0.9653, 0.9651, 0.9617, 0.957, 0.9508, 0.8992, 0.6712, 0.4426], [0.9664, 0.9664, 0.966, 0.9665, 0.9651, 0.957, 0.9394, 0.866, 0.6788, 0.5719]], "0.009999999776482582": [[0.9706, 0.9707, 0.9712, 0.9701, 0.9671, 0.9625, 0.9567, 0.9124, 0.7709, 0.4925], [0.9699, 0.9701, 0.9693, 0.9683, 0.9658, 0.963, 0.9407, 0.9079, 0.7314, 0.5089], [0.9682, 0.9681, 0.968, 0.9671, 0.9647, 0.9593, 0.9413, 0.882, 0.7244, 0.3916], [0.9698, 0.9693, 0.9687, 0.9665, 0.9632, 0.9602, 0.9427, 0.8937, 0.6289, 0.445], [0.9683, 0.968, 0.9677, 0.9653, 0.9635, 0.9578, 0.9424, 0.8961, 0.7005, 0.5794]], "0.10000000149011612": [[0.9667, 0.9672, 0.9668, 0.9662, 0.9601, 0.959, 0.9509, 0.8699, 0.7129, 0.5436], [0.9671, 0.9672, 0.9675, 0.9676, 0.9645, 0.9605, 0.9484, 0.8937, 0.7162, 0.5539], [0.9666, 0.9661, 0.9658, 0.9641, 0.9632, 0.9585, 0.9501, 0.8916, 0.7392, 0.381], [0.968, 0.9688, 0.9684, 0.967, 0.9665, 0.9629, 0.9491, 0.8733, 0.6514, 0.4596], [0.967, 0.9669, 0.9666, 0.9653, 0.9628, 0.9587, 0.9505, 0.8862, 0.6901, 0.519]], "1.0": [[0.9698, 0.9692, 0.9693, 0.9674, 0.9647, 0.9586, 0.9382, 0.8733, 0.7789, 0.5281], [0.9682, 0.9679, 0.967, 0.9666, 0.9654, 0.9616, 0.9483, 0.903, 0.7165, 0.5497], [0.9686, 0.9681, 0.9684, 0.9685, 0.9636, 0.9525, 0.9321, 0.8212, 0.7071, 0.5836], [0.9682, 0.9681, 0.9682, 0.9668, 0.9652, 0.9591, 0.9476, 0.8768, 0.5449, 0.5104], [0.9675, 0.9676, 0.9677, 0.9668, 0.9622, 0.9629, 0.9481, 0.8939, 0.6928, 0.4079]], "10.0": [[0.9687, 0.9689, 0.9684, 0.9691, 0.9656, 0.9602, 0.954, 0.8959, 0.7604, 0.5164], [0.9669, 0.9674, 0.9668, 0.9665, 0.9663, 0.9593, 0.9345, 0.8638, 0.6994, 0.5307], [0.9677, 0.9677, 0.9672, 0.9658, 0.9634, 0.9574, 0.9478, 0.9075, 0.7016, 0.6085], [0.9686, 0.9681, 0.9687, 0.9684, 0.9661, 0.9577, 0.9457, 0.8635, 0.6555, 0.3723], [0.9685, 0.9683, 0.9687, 0.9671, 0.9644, 0.9594, 0.9433, 0.8624, 0.6693, 0.5325]], "100.0": [[0.9424, 0.9428, 0.9426, 0.9428, 0.9401, 0.9403, 0.9239, 0.8838, 0.8305, 0.5166], [0.9583, 0.9586, 0.9579, 0.9591, 0.9555, 0.954, 0.9474, 0.9186, 0.7866, 0.5124], [0.9633, 0.9633, 0.9636, 0.9614, 0.9602, 0.9551, 0.9437, 0.9046, 0.8054, 0.6545], [0.9516, 0.9513, 0.9513, 0.9501, 0.9524, 0.9569, 0.946, 0.9108, 0.7813, 0.565], [0.9493, 0.95, 0.9495, 0.9497, 0.9449, 0.9436, 0.922, 0.8971, 0.7822, 0.5356]]}